Date,Ticker,Close,High,Low,Open,Volume
2022-12-15,GEHC,59.84109115600586,62.833145713806154,59.84109115600586,62.833145713806154,1318200
2022-12-16,GEHC,56.5897331237793,59.84109776146391,54.85433961467525,59.84109776146391,2307500
2022-12-19,GEHC,56.35036849975586,58.833775794386206,52.85963770773559,52.85963770773559,117200
2022-12-20,GEHC,57.05848693847656,57.846395654458966,56.60967793541098,57.846395654458966,22200
2022-12-21,GEHC,56.809146881103516,66.10446359643402,55.353014441335034,58.84374508177958,290700
2022-12-22,GEHC,57.44744873046875,60.85739626388318,56.84903931217828,58.275252357184684,3253200
2022-12-23,GEHC,57.347721099853516,60.485389366458705,56.849045264202616,57.93615873810536,125800
2022-12-27,GEHC,57.297855377197266,58.83377789359102,57.22305323949466,57.826450555664756,26500
2022-12-28,GEHC,57.347721099853516,57.846396935504416,56.849045264202616,57.776582622880866,514800
2022-12-29,GEHC,57.84638977050781,58.62432276029622,57.59705188356597,58.3450655443915,374800
2022-12-30,GEHC,58.22538375854492,58.84374064580772,57.577103738066995,58.58443092037306,351100
2023-01-03,GEHC,55.851688385009766,60.51929407583884,55.72203161454386,60.51929407583884,1794100
2023-01-04,GEHC,60.329803466796875,60.54921824443381,53.35831370331418,53.986646313144384,33338500
2023-01-05,GEHC,58.843746185302734,62.81320521718367,57.98602317454455,60.47940225019297,8850600
2023-01-06,GEHC,58.79387664794922,59.78125258570818,57.716735110836495,59.52194284784458,5902600
2023-01-09,GEHC,57.946128845214844,59.821150996388745,57.57710980317242,58.634303912741714,5288900
2023-01-10,GEHC,59.84109115600586,59.90093361681575,57.90124275539954,58.993343886466754,6663000
2023-01-11,GEHC,64.81787109375,66.20418905374567,59.9158914202692,60.27992258292441,9219400
2023-01-12,GEHC,65.47614288330078,66.34383402232213,63.491411257880515,65.91497247217495,5819800
2023-01-13,GEHC,65.26669311523438,65.32653177810587,63.571194582975316,64.82785596300583,3772100
2023-01-17,GEHC,63.16228103637695,65.5559264884913,63.09246292151689,63.7706623394628,3774600
2023-01-18,GEHC,61.915592193603516,63.33182970892042,61.82583039301339,63.03262497515153,2610300
2023-01-19,GEHC,63.770660400390625,64.32917867012634,61.13765276588335,61.16757590122624,2585600
2023-01-20,GEHC,66.59317016601562,67.64039250263386,63.37172841172959,63.79061430270102,4001600
2023-01-23,GEHC,69.33588409423828,69.72485824231168,66.6011490672731,67.17163281702382,3724100
2023-01-24,GEHC,69.41566467285156,70.44293552694077,68.5280224236373,68.84717460752121,2591000
2023-01-25,GEHC,68.52803039550781,69.51540639032451,66.77268937535321,68.27869248505587,2802100
2023-01-26,GEHC,69.03668212890625,69.26606874625828,67.62044461829802,68.32856337360214,2075900
2023-01-27,GEHC,69.89440155029297,70.32326304018218,68.17895559073614,68.67763138785433,2810600
2023-01-30,GEHC,71.31063842773438,73.75414677074349,67.74011792221035,68.22882567816316,4259900
2023-01-31,GEHC,69.33588409423828,70.92666121030523,68.31858874850818,70.8219435470922,3084300
2023-02-01,GEHC,69.8245849609375,70.55264733978858,67.35114974002917,68.81725775310905,2698700
2023-02-02,GEHC,70.462890625,71.69960445320878,68.81725899671898,69.40569277630934,2776000
2023-02-03,GEHC,70.3631591796875,70.4429415255612,68.91699477863598,69.44558991484521,3074900
2023-02-06,GEHC,71.66969299316406,72.15839319028888,69.35583737863553,69.72486024294011,2227400
2023-02-07,GEHC,71.4402847290039,72.00877477584311,70.91168965500107,71.39042171984947,1932300
2023-02-08,GEHC,69.98416137695312,71.23085090244761,69.83455711205599,71.02140797526722,1111900
2023-02-09,GEHC,68.22882843017578,70.79202180624758,68.02935353933633,70.06395177076442,1186000
2023-02-10,GEHC,69.05662536621094,69.35583390164042,68.00941071058602,68.01937874836163,1968100
2023-02-13,GEHC,69.24613189697266,69.68496909931581,67.73016059398988,68.33853815743387,2223200
2023-02-14,GEHC,72.4177017211914,72.9762161933295,68.53201609723193,68.76739114037427,3036000
2023-02-15,GEHC,72.12847137451172,73.34524161090114,71.53006190343851,72.50746226404725,1773000
2023-02-16,GEHC,70.72221374511719,71.62979984875827,70.15371596288931,71.41038125404357,1829400
2023-02-17,GEHC,72.97621154785156,73.285395704551,70.70225121697062,70.78204116767942,2408600
2023-02-21,GEHC,72.27806854248047,72.9063972839889,72.05864998250303,72.42767279784586,1835500
2023-02-22,GEHC,71.74947357177734,72.80666378911735,70.65537879007606,72.07859380318322,2010200
2023-02-23,GEHC,75.69898986816406,76.00816643700962,72.09156465722556,72.24815415836439,3763200
2023-02-24,GEHC,74.81134033203125,75.56932201556883,74.02343171090102,74.64178478909282,2102900
2023-02-27,GEHC,75.83861541748047,76.77612834208571,74.37250737042801,74.80136885623799,2139600
2023-02-28,GEHC,75.7987289428711,76.13782486730979,75.10058579891522,75.83862392383851,3511800
2023-03-01,GEHC,75.10057830810547,75.53940783659743,74.81134543183303,75.17039261553752,2534300
2023-03-02,GEHC,74.84125518798828,75.27011662426146,74.30268448132979,74.59191732060127,1391900
2023-03-03,GEHC,76.1677474975586,76.69634264936779,74.92105794737117,75.32996816305429,2082700
2023-03-06,GEHC,76.47692108154297,76.95565319814428,75.49951316436018,75.70896369669059,1874100
2023-03-07,GEHC,76.04805755615234,76.63150731413626,75.72890535667769,76.1577668380832,1709400
2023-03-08,GEHC,76.42706298828125,77.19502810823293,75.90046137827613,76.04807205701049,1641300
2023-03-09,GEHC,76.1777114868164,77.19501436684986,75.69898698613257,76.79607221015416,1683800
2023-03-10,GEHC,74.77145385742188,76.32731998481727,74.30269736796578,75.67903989533947,3388600
2023-03-13,GEHC,76.03809356689453,77.2748151874952,73.84392281027627,74.75150892543743,2272100
2023-03-14,GEHC,76.9356918334961,78.55140395517881,76.14778325861805,76.48688671540037,1992300
2023-03-15,GEHC,76.55671691894531,76.60657993732194,75.38980967292858,75.72891320016105,2326200
2023-03-16,GEHC,76.41707611083984,77.24487208847245,75.54937755016387,75.75882045601223,1624600
2023-03-17,GEHC,75.6391372680664,77.33463945442347,75.23022709275845,76.65644010171832,5803300
2023-03-20,GEHC,75.00083923339844,75.60922433400876,74.31267178568979,75.29007211804834,1714100
2023-03-21,GEHC,76.31733703613281,76.47691693607943,75.30004180613261,75.44964606003546,1401600
2023-03-22,GEHC,74.57197570800781,76.84594374541048,74.51213704700919,76.65644450666305,1549800
2023-03-23,GEHC,75.50948333740234,76.50683486626914,74.67171170556462,75.21028244425528,1393700
2023-03-24,GEHC,76.25750732421875,76.28742665667154,74.69166551594449,75.06068837097078,1154800
2023-03-27,GEHC,76.1777114868164,77.25485302713815,76.06301818486759,76.61654862010055,1196600
2023-03-28,GEHC,76.69634246826172,76.7362374468762,75.94832873991558,76.17771535546248,760800
2023-03-29,GEHC,79.03013610839844,79.25953031705428,76.85590938604808,77.15511790008813,1786000
2023-03-30,GEHC,81.92244720458984,82.07105463981343,79.28943999463509,79.56869718217762,2188900
2023-03-31,GEHC,81.81275939941406,82.37127392101921,81.36395417443703,82.03217799267028,1916200
2023-04-03,GEHC,81.59333038330078,82.40119033792773,81.25423449826847,81.7828296185769,1913100
2023-04-04,GEHC,81.37391662597656,81.94241436539406,81.25423929910058,81.78283445064055,1552700
2023-04-05,GEHC,80.90516662597656,81.58336603590298,80.43641014437004,81.28415750448082,1410600
2023-04-06,GEHC,79.94770812988281,80.84531848501831,79.8778862128681,80.75556049318031,1356700
2023-04-10,GEHC,80.37657165527344,80.41646663727195,79.48892923107849,79.71832347527247,1579200
2023-04-11,GEHC,80.37657165527344,80.47132128637118,79.74824280947392,80.37657165527344,1167000
2023-04-12,GEHC,81.53348541259766,81.68308965996299,80.39351489639624,80.79045580316902,1232000
2023-04-13,GEHC,82.7203598022461,82.95174006038958,81.16448583738908,81.43377508152543,1252800
2023-04-14,GEHC,82.15185546875,83.05944148385218,81.76288894667921,82.23163781516246,1163600
2023-04-17,GEHC,82.50093078613281,83.01955030288285,81.78283637125637,81.95238432777182,861000
2023-04-18,GEHC,83.43843841552734,83.93711421497221,82.57073978518527,82.57073978518527,1522000
2023-04-19,GEHC,85.52290344238281,86.64990806039124,83.52820015509691,83.56809513394533,2422900
2023-04-20,GEHC,84.77489471435547,86.0913986573167,84.45574247391606,85.1439175835968,1634900
2023-04-21,GEHC,86.2509765625,86.28587991449237,84.86465072800206,84.9743600214457,1850600
2023-04-24,GEHC,87.55750274658203,87.59739772590345,85.95176597254445,86.37065184163532,2692800
2023-04-25,GEHC,80.17709350585938,83.2788575515442,78.57135684134,83.2788575515442,7291400
2023-04-26,GEHC,79.90780639648438,80.05740303689936,77.35458133503754,79.51883991302898,3489500
2023-04-27,GEHC,81.3041000366211,81.32405133000061,80.4064896734546,80.60595695211627,1557000
2023-04-28,GEHC,81.12458038330078,81.51355453120917,80.79546011843875,80.98495175961645,1617600
2023-05-01,GEHC,80.56605529785156,81.51253940309054,80.51120065938719,80.86526380023692,1355800
2023-05-02,GEHC,78.252197265625,80.43639947129438,77.68370721870684,80.12721533406658,1879100
2023-05-03,GEHC,79.49889373779297,80.2070124483528,77.81336712821937,78.26217990591304,1748900
2023-05-04,GEHC,78.05274200439453,80.04744529787322,77.48425187012067,79.40914085269519,1751400
2023-05-05,GEHC,78.78079986572266,79.31937063675669,78.29209971780222,78.29209971780222,1077400
2023-05-08,GEHC,79.20966339111328,79.27947769975519,78.40181101837271,78.67109260622324,842300
2023-05-09,GEHC,76.1677474975586,78.58133664051604,75.91840958752111,78.34197437745301,2499700
2023-05-10,GEHC,75.69898986816406,76.5567128744992,74.77145255243835,76.29739932139603,1792900
2023-05-11,GEHC,74.79139709472656,75.50949149051681,74.51213985396127,75.50949149051681,1504800
2023-05-12,GEHC,74.72158813476562,74.81135374526139,74.07330800274842,74.69166880099692,2577500
2023-05-15,GEHC,74.73155975341797,75.35988855625453,74.50216552490917,74.9011077084262,1187900
2023-05-16,GEHC,77.57401275634766,78.06271295088608,75.02079488050178,75.07065789918315,2668900
2023-05-17,GEHC,80.08734130859375,80.39651788812546,76.00418184890847,77.723615136062,3716300
2023-05-18,GEHC,79.47895050048828,80.91513161328209,79.01019403655293,80.20701289874589,1483500
2023-05-19,GEHC,79.12987518310547,80.87424374310874,78.91046421480651,79.87788891043894,1311100
2023-05-22,GEHC,78.90039825439453,79.23862522440368,78.53123584437196,79.16978169106667,1357700
2023-05-23,GEHC,77.01469421386719,79.5918280778962,76.88498458853437,78.78067097139878,1382400
2023-05-24,GEHC,76.35619354248047,76.96480879673335,75.90721857029216,76.79519670609045,1431900
2023-05-25,GEHC,79.67863464355469,79.87817738894692,75.43828660139334,76.35619540950611,3127800
2023-05-26,GEHC,78.25186920166016,80.01784580833714,78.19200791019989,79.58882212471657,2243100
2023-05-30,GEHC,77.7829360961914,78.8704644431334,77.23418982511299,78.07227836075273,1775800
2023-05-31,GEHC,79.32942962646484,79.54893120974492,77.56643669417248,78.3616313431305,4501500
2023-06-01,GEHC,79.64869689941406,79.91808034290898,78.71082933304817,79.54892553560362,2355500
2023-06-02,GEHC,79.78838348388672,80.686341040305,79.71854276350238,80.11763585658468,2404500
2023-06-05,GEHC,80.30718994140625,80.54065964043359,78.60107458644251,79.72851301565369,1416700
2023-06-06,GEHC,82.74165344238281,82.99108565369929,77.62330720651292,77.8228499307393,23800600
2023-06-07,GEHC,80.29722595214844,82.07318219238182,80.00788365506685,81.30492666963166,3883900
2023-06-08,GEHC,77.57341766357422,78.22194293494354,76.57568881902664,77.17432460334179,15048600
2023-06-09,GEHC,76.92488861083984,78.32171044695686,76.88497854557176,77.92261740634248,4894700
2023-06-12,GEHC,78.09223175048828,78.13214181691946,76.72534813253783,77.07455169872712,5545200
2023-06-13,GEHC,77.61332702636719,78.2708269187504,76.52579863740615,78.12217086384682,4122300
2023-06-14,GEHC,78.35164642333984,78.62103747921017,77.3040356840306,78.0024428435701,3322600
2023-06-15,GEHC,78.92035675048828,78.99019747102585,78.04734393773495,78.48136119799545,3277900
2023-06-16,GEHC,78.47138214111328,79.91808604984139,78.31174185796299,79.31945021216313,5388200
2023-06-20,GEHC,78.72081756591797,78.98022923052021,77.57342772347864,78.18204300654469,3151100
2023-06-21,GEHC,79.43917846679688,79.8183127118338,78.11219719106644,78.6110616455154,2805700
2023-06-22,GEHC,80.02783966064453,80.56661421715476,79.39927315074988,79.75845618842338,2229200
2023-06-23,GEHC,79.63871765136719,80.16751273156474,78.83055970707034,79.67862771939096,7973000
2023-06-26,GEHC,77.6233139038086,80.11763623218204,77.56344499172162,79.83826573726738,2500700
2023-06-27,GEHC,76.89495849609375,78.17205014522858,76.01895425179741,77.77295710185727,3250400
2023-06-28,GEHC,77.01469421386719,77.41377967378205,76.16661858138008,77.32398772892137,2920500
2023-06-29,GEHC,78.50130462646484,78.52125585374972,76.97478073493147,77.09450332277449,1908200
2023-06-30,GEHC,81.05548858642578,81.22510827388649,79.13386796167454,79.23962240757015,3428300
2023-07-03,GEHC,80.50675201416016,81.27499996210263,79.71854522431029,81.22511808146982,1086900
2023-07-05,GEHC,80.46684265136719,81.10538858080882,79.75346248221521,80.18747975874496,2655900
2023-07-06,GEHC,78.94031524658203,80.08769742010001,78.82058503529801,79.81831395979545,2595900
2023-07-07,GEHC,79.43917846679688,79.92606913909789,78.12217661153431,78.8006325740676,2892600
2023-07-10,GEHC,80.47681427001953,80.59653686264004,79.81830956233799,79.94801157503261,2263000
2023-07-11,GEHC,81.07544708251953,81.26002448072114,80.02782876328104,80.31717103823325,1793100
2023-07-12,GEHC,81.50447845458984,82.47227673137935,81.10538536151294,81.10538536151294,2124800
2023-07-13,GEHC,81.21513366699219,81.81376948225373,80.71626921892967,81.54438602960963,1476300
2023-07-14,GEHC,81.6341781616211,81.97340994534805,81.04552176536454,81.31490521861964,1774100
2023-07-17,GEHC,81.00560760498047,82.17294853024437,80.89585682273511,81.55435390414026,2343200
2023-07-18,GEHC,82.28269958496094,82.70672977952486,80.56660474278756,80.92379337665736,2844500
2023-07-19,GEHC,81.5643310546875,82.75163078663546,81.47453911465789,82.59199052160486,2781700
2023-07-20,GEHC,81.69408416748047,82.98661552218783,81.64418398032498,82.09332373903163,3113900
2023-07-21,GEHC,82.47260284423828,82.98163352352115,81.86376416888439,81.9236550584166,7697300
2023-07-24,GEHC,80.47640991210938,82.52250803357921,80.11709504575505,82.32289204776536,4335700
2023-07-25,GEHC,80.05722045898438,82.19314372135408,78.4303279149888,80.68601773589646,4729500
2023-07-26,GEHC,77.28250122070312,80.15501717419562,77.14276852073205,80.1071120834317,4148600
2023-07-27,GEHC,76.71359252929688,78.7197658787287,76.10475388899599,77.85142037169426,3224700
2023-07-28,GEHC,77.72166442871094,78.17080415609792,76.74352792736163,77.09285967253605,2910100
2023-07-31,GEHC,77.85142517089844,77.88136680835547,76.1247171338764,77.57195973481672,3916200
2023-08-01,GEHC,77.54202270507812,77.88636678601978,76.95314254560307,77.6917309012593,2126700
2023-08-02,GEHC,76.44410705566406,77.63184277020876,76.00495034954577,77.17271989593937,3073000
2023-08-03,GEHC,75.87519073486328,76.5439202795539,75.53584203549762,76.49401247559459,2053300
2023-08-04,GEHC,75.75543212890625,76.6487240404525,75.48195195508094,75.83528157766528,1449600
2023-08-07,GEHC,75.44601440429688,76.14468563072978,75.02681623735448,75.95504510121964,1668300
2023-08-08,GEHC,73.78916931152344,75.32623664314352,73.18033070565896,75.14657922477595,2574900
2023-08-09,GEHC,73.7791976928711,74.73736820143097,73.28015007706726,73.65943113859005,3028400
2023-08-10,GEHC,72.16227722167969,74.43793278228775,71.98261980295479,74.10855957881523,3681600
2023-08-11,GEHC,71.45362854003906,72.00258392160806,70.7250233407148,72.00258392160806,2897100
2023-08-14,GEHC,71.66324615478516,71.73311252174523,70.71505104334099,71.36381451646324,2601100
2023-08-15,GEHC,70.4056396484375,71.6133339837174,70.05630783490405,71.6133339837174,2476300
2023-08-16,GEHC,70.53538513183594,72.14231899423898,70.28586133475301,71.0743574473185,3697400
2023-08-17,GEHC,68.25971984863281,70.66513257385452,68.11000406818624,70.56531697698287,3791900
2023-08-18,GEHC,68.22978210449219,68.61903858692365,67.76566392014,68.07008323228372,2911000
2023-08-21,GEHC,68.838623046875,69.36761225287157,68.46932510360305,69.1979379065824,2807800
2023-08-22,GEHC,68.7987060546875,69.26781204170823,68.53919915689386,69.0182882286004,2170100
2023-08-23,GEHC,68.85858154296875,69.39755383209017,68.67892411326162,68.82863990716116,2079500
2023-08-24,GEHC,68.29965209960938,69.65706212632308,68.11001158246413,69.50734632935904,2623200
2023-08-25,GEHC,68.45934295654297,68.75877454868248,67.48121396996244,68.27969313909331,3096600
2023-08-28,GEHC,69.17797088623047,69.52731027292627,68.62902313473701,68.92844710422575,2438700
2023-08-29,GEHC,70.34574890136719,70.36570745365181,69.19793796603034,69.19793796603034,2044300
2023-08-30,GEHC,70.25592041015625,70.85477600625768,70.09622913813149,70.36571149117542,1889200
2023-08-31,GEHC,70.3157958984375,70.99450086282158,69.7279209985125,70.37568678181867,3573300
2023-09-01,GEHC,69.11808776855469,70.88471279852597,68.9683719760476,70.53538102591713,2096700
2023-09-05,GEHC,67.53112030029297,69.02826299860422,67.2815965172411,68.9983137481543,3773500
2023-09-06,GEHC,66.85240936279297,68.07007891935478,65.9341561354976,67.38139851745935,3140100
2023-09-07,GEHC,65.77447509765625,68.04014784748921,65.7046087383626,67.96029840405018,2836900
2023-09-08,GEHC,64.77637481689453,65.8642948426605,64.59671739068365,65.79442848884857,3103100
2023-09-11,GEHC,66.49310302734375,67.22170823778508,65.07580209735721,65.19557625921662,3630500
2023-09-12,GEHC,65.27542877197266,66.49310615615765,65.09577132816074,66.25355782116695,2381800
2023-09-13,GEHC,64.40707397460938,65.81439168556344,64.08768385518776,64.99595402861675,3612800
2023-09-14,GEHC,65.87428283691406,65.93416611182813,64.44700640418644,64.7364549243745,3945100
2023-09-15,GEHC,66.30345916748047,66.37332552132952,65.45507983792449,65.87427796101878,6711100
2023-09-18,GEHC,66.15374755859375,66.86239422525163,65.7445324929967,65.7445324929967,3205300
2023-09-19,GEHC,65.99405670166016,66.62285392998612,65.22551914106644,66.37333013249552,3160400
2023-09-20,GEHC,64.88616943359375,66.67276070993007,64.77637835519764,66.29347967006646,1796400
2023-09-21,GEHC,63.7682991027832,64.76639426183739,63.66849110985013,64.49691191943192,2172500
2023-09-22,GEHC,64.20745849609375,64.68155213739247,63.614588250336595,63.708410954755905,2277800
2023-09-25,GEHC,66.35337829589844,66.91230922209965,63.8780986236908,63.8780986236908,3214500
2023-09-26,GEHC,66.0838851928711,67.27660870488212,65.99406027604311,66.06392663853012,3619900
2023-09-27,GEHC,68.14993286132812,68.28068764591973,66.0239930193482,66.24357516182583,5470000
2023-09-28,GEHC,69.64708709716797,70.44556636341163,67.88046181029686,68.60906709699627,4817700
2023-09-29,GEHC,67.91039276123047,70.06627425697704,67.80060168903128,69.94650771629533,3145800
2023-10-02,GEHC,67.71077728271484,68.52922268804514,67.4412949190264,67.87047617590973,1942100
2023-10-03,GEHC,66.85240936279297,67.40135706779014,66.27351241000827,67.2216996553694,2726100
2023-10-04,GEHC,67.75069427490234,67.9403347852156,66.34338410980834,67.01210601531302,2084400
2023-10-05,GEHC,67.47122955322266,68.54917412579373,66.50008341401677,68.20981782041622,1894300
2023-10-06,GEHC,68.32959747314453,68.85858671846907,66.52304757159573,66.88236245801657,2318600
2023-10-09,GEHC,67.67086029052734,67.95032573923613,67.05203850062762,67.69081884477981,1600300
2023-10-10,GEHC,68.06011199951172,68.49926869569242,67.48121497402146,67.87047148067757,2209000
2023-10-11,GEHC,67.65089416503906,68.17988342398789,66.91230581942348,68.17988342398789,2032900
2023-10-12,GEHC,66.38331604003906,67.78065088839159,66.0439597012898,67.59101035747693,2252100
2023-10-13,GEHC,66.99214935302734,67.5111554816013,65.93416331365236,66.00402966970773,1984200
2023-10-16,GEHC,66.75259399414062,67.56105616022073,66.20364628727188,67.50116527930238,1951500
2023-10-17,GEHC,66.6727523803711,67.28159097000906,65.9441396433932,66.24357120431253,1596000
2023-10-18,GEHC,65.10575103759766,66.3533699952678,64.96601070866575,66.17371256076882,1917700
2023-10-19,GEHC,65.35537719726562,66.5736146866154,64.74625845259074,65.13570164629006,1669200
2023-10-20,GEHC,63.95741653442383,65.43527287642732,63.767688748185364,65.43527287642732,2575000
2023-10-23,GEHC,63.897499084472656,64.44670325426037,63.26840873258639,63.85755599342338,2412500
2023-10-24,GEHC,64.57650756835938,64.96594315287098,63.867534898649396,63.92744572138501,2511200
2023-10-25,GEHC,64.416748046875,64.89604990427016,63.8875116117341,64.10719099484307,3179600
2023-10-26,GEHC,63.81761169433594,64.6464098674142,63.48809072237412,64.02731101378373,3484900
2023-10-27,GEHC,63.008785247802734,64.22702291462086,62.629337293533965,64.10719363615209,2606400
2023-10-30,GEHC,63.07868194580078,63.57795916421307,62.25986761233926,63.44814983003755,4484200
2023-10-31,GEHC,66.47377014160156,67.60213393953902,65.67492352572478,66.59359941949286,7555100
2023-11-01,GEHC,68.18128967285156,68.35104208362971,65.90458697800437,66.65350273911805,4523300
2023-11-02,GEHC,69.14990234375,69.65916729559753,68.1813032147256,69.49939491134474,3115900
2023-11-03,GEHC,71.46653747558594,71.79606225309949,69.52933951872309,69.83889656049283,4022500
2023-11-06,GEHC,70.98722839355469,71.85597346116023,70.65771123265264,71.56639177195838,2350100
2023-11-07,GEHC,70.59779357910156,71.35669706211803,70.57782584302781,71.14700155069879,1912900
2023-11-08,GEHC,69.88882446289062,71.05713897005631,69.42450029620069,71.05713897005631,2062100
2023-11-09,GEHC,68.21125030517578,70.03860673056475,67.95163164000829,70.02861905317657,1981500
2023-11-10,GEHC,69.41950225830078,69.46943302832433,68.29113846840774,68.4509108377904,2773300
2023-11-13,GEHC,69.90879821777344,70.44801852757368,69.24974863300677,69.469431827929,1993200
2023-11-14,GEHC,72.1056137084961,72.26538607241078,70.57782666579865,70.8973637752624,2634400
2023-11-15,GEHC,71.41661834716797,72.52501451153337,71.37168522064775,71.8959278851503,2780100
2023-11-16,GEHC,71.81602478027344,72.55496046141415,71.39663379478158,71.89591095418565,2946600
2023-11-17,GEHC,72.89447784423828,73.27292780224425,71.92088873916998,72.42515601452172,2920000
2023-11-20,GEHC,73.22399139404297,73.3837561264861,72.66479578457951,72.98433286783077,1787600
2023-11-21,GEHC,73.27391815185547,73.58347519221425,72.48505927217562,73.39374742086842,1469300
2023-11-22,GEHC,73.49360656738281,74.0727699812908,73.08420320125194,73.64339125971983,1123300
2023-11-24,GEHC,73.60344696044922,73.73325629521787,73.28490784985898,73.71328855847108,558900
2023-11-27,GEHC,71.03715515136719,71.41161302893696,70.44801174747262,71.15698441480092,4253600
2023-11-28,GEHC,68.03150177001953,70.68266983803586,68.00654400719162,70.597786018308,5167900
2023-11-29,GEHC,67.61212158203125,68.74348701555964,67.36248296699567,68.2012726750655,3762900
2023-11-30,GEHC,68.36103057861328,68.5807137567749,66.29402335792967,67.61211480853422,3324600
2023-12-01,GEHC,69.30966186523438,69.56928051391418,68.05946528373599,68.25118906191182,1898200
2023-12-04,GEHC,69.26972198486328,69.66414762371065,68.67058324572295,68.79041251722413,1478700
2023-12-05,GEHC,67.8318099975586,68.95019382151844,67.62211445900985,68.81039679581927,1896200
2023-12-06,GEHC,67.95162963867188,68.58071616501748,67.76689189507691,68.2911344762143,1579700
2023-12-07,GEHC,67.2925796508789,68.19128012446018,66.90314404872126,68.00155235271374,2089200
2023-12-08,GEHC,68.42093658447266,68.53077816581896,66.9530681779046,67.0828774929663,1893700
2023-12-11,GEHC,71.02718353271484,71.20692365931875,68.99013130399281,69.06003743724071,3051300
2023-12-12,GEHC,71.94584655761719,72.29034142135535,71.1370123244803,71.1969307681279,2407200
2023-12-13,GEHC,74.07276916503906,74.16263540843143,72.41516512660975,72.50503898836796,2628600
2023-12-14,GEHC,75.81024932861328,76.18970488191822,74.23253152512528,74.23253152512528,4271300
2023-12-15,GEHC,74.90157318115234,76.47928345912983,74.3773305589562,76.26958793392458,5638000
2023-12-18,GEHC,74.95149230957031,75.40583639897045,74.44223504071418,74.8915814822615,1945800
2023-12-19,GEHC,75.58058166503906,75.73035872378959,74.89157672132602,75.03137372173661,2441800
2023-12-20,GEHC,75.33094787597656,76.47927936418192,74.77175222033767,75.25106169397591,2162200
2023-12-21,GEHC,77.07840728759766,77.4977982566624,75.97001142766612,75.97001142766612,2992100
2023-12-22,GEHC,77.46784210205078,77.59765141455138,76.87869112114768,77.18824812536369,2193700
2023-12-26,GEHC,78.02703857421875,78.21176869647728,77.46785055979382,77.58767220953327,1413900
2023-12-27,GEHC,77.55772399902344,78.17683051417296,77.26814228798733,77.96713498929151,1365000
2023-12-28,GEHC,77.42790222167969,77.85228323301413,77.13832055716422,77.71748388619514,1569500
2023-12-29,GEHC,77.2082290649414,77.52776618129182,76.74889493633555,77.04846431594909,1786900
2024-01-02,GEHC,76.25960540771484,77.29810294063954,75.59556579019429,76.46930092613727,2003100
2024-01-03,GEHC,75.9999771118164,76.56915282345726,75.32594983455184,76.129786443115,2692400
2024-01-04,GEHC,76.45930480957031,76.8387527126875,75.74034447240939,75.89012914571207,2395900
2024-01-05,GEHC,76.50924682617188,77.33804125272835,75.48072931468398,75.8901403073684,2377200
2024-01-08,GEHC,77.2481689453125,77.33803518444105,76.19968377861994,76.88868875206737,1880600
2024-01-09,GEHC,76.54918670654297,77.54774114235991,74.29245154845425,76.89867923540575,3507200
2024-01-10,GEHC,76.05988311767578,76.4992494701683,74.7717470901669,76.22963552900603,3020600
2024-01-11,GEHC,76.13977813720703,76.21466667491363,74.67190185122986,76.08984736649198,2305500
2024-01-12,GEHC,76.0898208618164,76.38950812734082,75.3206347249706,76.19970568441778,1888300
2024-01-16,GEHC,74.8910903930664,75.82011181211989,74.46154269132417,75.82011181211989,2831600
2024-01-17,GEHC,72.67342376708984,74.16185326765041,71.9441888075045,74.16185326765041,3766900
2024-01-18,GEHC,73.44261932373047,73.68237221919955,72.34377856094082,72.67343307618717,2421500
2024-01-19,GEHC,74.03199768066406,74.04198928935543,73.12295182385878,73.3676966979289,3704200
2024-01-22,GEHC,74.56143951416016,75.37058453647484,74.09193297777749,74.20181781060596,2414900
2024-01-23,GEHC,73.59246063232422,74.65135016681549,72.60849673329064,74.55144931953858,2850400
2024-01-24,GEHC,71.47469329833984,73.62242422482717,71.23494042227904,73.5624898164941,3594400
2024-01-25,GEHC,72.79330444335938,73.02305809210901,71.34482604778081,72.25387189825057,2126500
2024-01-26,GEHC,73.07300567626953,73.21285770608576,72.39372112229184,72.92316203821956,2334500
2024-01-29,GEHC,74.30171203613281,74.34167085055127,72.42369348665292,72.83326561841864,2160100
2024-01-30,GEHC,73.92210388183594,74.44155315030838,73.04303295774278,73.65239145080213,1673900
2024-01-31,GEHC,73.28278350830078,74.39161575674268,72.87321140691053,73.85218323414684,3129600
2024-02-01,GEHC,74.27173614501953,75.05091388164772,72.91316709912701,73.28278037325019,2593600
2024-02-02,GEHC,73.83221435546875,74.28173768784218,72.44367030052915,73.95208317937383,2446600
2024-02-05,GEHC,73.3327407836914,73.49256842308918,72.53357972260841,73.14293831687714,3365700
2024-02-06,GEHC,81.87373352050781,83.02252463238844,76.47941567181589,76.66921812947463,12511200
2024-02-07,GEHC,81.7438735961914,82.42116138564295,80.0856171317123,81.95365165108979,4278100
2024-02-08,GEHC,81.97362518310547,82.05354280811096,80.35133397804219,81.44418425483146,2483800
2024-02-09,GEHC,81.25438690185547,82.66290655088696,80.52515948665175,82.2033916103038,2755000
2024-02-12,GEHC,83.08245849609375,83.22231053091426,81.30433323506364,81.53409450447691,2304300
2024-02-13,GEHC,82.2233657836914,82.62994271817654,81.07458226280336,82.26332459801097,2529800
2024-02-14,GEHC,83.08245849609375,83.35217857850779,82.25333027439768,82.51305874822046,2214800
2024-02-15,GEHC,85.53987121582031,85.64975604993151,83.83667152982584,83.85165513253513,2346100
2024-02-16,GEHC,85.92945861816406,87.1981261819185,83.40212272077166,83.42210593827573,13130900
2024-02-20,GEHC,86.299072265625,86.71862837847739,85.48992724492904,85.8395573389727,6372600
2024-02-21,GEHC,84.89055633544922,85.12030997741556,81.97362403453302,82.91263706178005,5839800
2024-02-22,GEHC,87.5477523803711,88.00726728478774,84.91552376157786,85.36005506421515,4154900
2024-02-23,GEHC,88.97624969482422,89.63555867473382,87.14318202569633,87.30800927067374,3815600
2024-02-26,GEHC,90.52462005615234,90.61452166779516,88.69654440577352,88.84638804654237,3805100
2024-02-27,GEHC,92.42261505126953,92.48255708101165,89.39480708764313,89.91526243018095,3993400
2024-02-28,GEHC,92.92208862304688,93.86010326796291,91.90316557550136,92.15290243847826,3431900
2024-02-29,GEHC,91.18392181396484,93.24175111755567,88.77646242792378,93.21178391354053,6144000
2024-03-01,GEHC,92.62240600585938,92.96204447041949,90.47965952190205,90.95416564351395,2695900
2024-03-04,GEHC,92.63240051269531,93.4015866967981,92.32772123519344,92.84217856290516,2615200
2024-03-05,GEHC,91.71336364746094,93.40158728971589,91.42366797018046,92.62240949217184,2804900
2024-03-06,GEHC,93.00200653076172,93.98097839000445,91.35374170583573,91.4636265355884,2521200
2024-03-07,GEHC,92.5624771118164,93.45153975889194,91.89317650829207,93.10190204396372,3014400
2024-03-08,GEHC,93.77120208740234,94.40053625205822,92.39264969620702,92.7023285955405,2852400
2024-03-11,GEHC,92.90210723876953,93.96098903297717,92.03302026607074,93.71125218556112,2123200
2024-03-12,GEHC,91.72335052490234,92.40263506591715,91.60347409247719,92.09296380885701,3042200
2024-03-13,GEHC,88.38687133789062,89.27093431983803,86.45890250670168,87.46783391652049,14434500
2024-03-14,GEHC,88.23703002929688,88.94628180376431,87.66763028802785,88.0072687625485,4859000
2024-03-15,GEHC,89.3158950805664,89.63555795941768,87.83744950252662,88.1571123813779,7309500
2024-03-18,GEHC,90.51463317871094,90.86426327786978,89.39981045643175,89.80538137145601,2843900
2024-03-19,GEHC,90.6844482421875,90.90421790048607,90.26489214254343,90.50463739643087,2996500
2024-03-20,GEHC,90.7943344116211,91.01410407316385,90.05511542209354,90.38476991440767,2016900
2024-03-21,GEHC,91.10400390625,92.08297575543641,91.02409390291238,91.15395432702965,2754900
2024-03-22,GEHC,89.63555908203125,91.803273244558,89.27593738614907,91.36373392262104,6178000
2024-03-25,GEHC,88.18708038330078,90.00516445222225,88.15711317897551,89.71546877480411,2436000
2024-03-26,GEHC,88.97624969482422,89.2489649723489,87.60768893497097,88.38687435341801,2845200
2024-03-27,GEHC,90.21495056152344,90.59455550718657,89.62057555143718,89.86532044422711,2629100
2024-03-28,GEHC,90.81431579589844,91.05406104848599,89.55563988242653,90.10505640382983,2108000
2024-04-01,GEHC,89.43576049804688,91.3637293063607,89.09612203652117,91.2138856704201,1958200
2024-04-02,GEHC,88.01725769042969,89.14606553011414,87.76752083570061,88.75647664644589,3010700
2024-04-03,GEHC,88.93629455566406,89.95522527191065,88.01726468634075,88.15711672639584,4403900
2024-04-04,GEHC,87.86741638183594,90.7443822808646,87.77751477000575,90.05511372607397,2728200
2024-04-05,GEHC,88.37688446044922,89.40579914176858,87.75753428136254,87.86741911348057,1591900
2024-04-08,GEHC,87.61768341064453,88.75149094548296,87.52778179482279,88.63661411814478,1692400
2024-04-09,GEHC,86.8484878540039,88.14711487814587,86.35899814930629,88.03723005638629,4173400
2024-04-10,GEHC,85.30012512207031,86.6087438883939,85.15028147506915,85.29013351323971,2926100
2024-04-11,GEHC,88.11715698242188,88.82640878418123,85.51989503846937,86.38898209652832,3071000
2024-04-12,GEHC,86.1891860961914,87.43787042795441,85.96442444074692,86.97835550842935,2226800
2024-04-15,GEHC,86.03934478759766,87.81747772624065,85.42998620744746,87.50779882102962,1983600
2024-04-16,GEHC,85.78960418701172,86.3490199410484,85.26016325839468,85.73966138737408,1868200
2024-04-17,GEHC,85.10033416748047,86.1592160065212,85.07036696393993,85.97940516391391,1711600
2024-04-18,GEHC,84.91046142578125,86.06465087955775,84.56070820100784,85.28019728166377,1815300
2024-04-19,GEHC,84.43080139160156,85.550019427412,84.04107524835624,84.94044620355666,1891800
2024-04-22,GEHC,84.25092315673828,85.02038790194102,84.12101698990804,84.75057281630674,2113700
2024-04-23,GEHC,86.17957305908203,86.58928944855901,84.73059206381485,84.93044888245552,1951300
2024-04-24,GEHC,86.65924072265625,87.2188459181263,85.73988715179858,86.04966751014108,2020300
2024-04-25,GEHC,85.88977813720703,86.6142762825249,84.68062680967222,85.93974615552177,1362900
2024-04-26,GEHC,86.17957305908203,86.83911428388431,85.10033556475392,85.30019238339459,1790600
2024-04-29,GEHC,88.87769317626953,89.11752290320393,86.23954330784231,86.23954330784231,4353000
2024-04-30,GEHC,76.18657684326172,82.24233581311653,76.0266929190409,80.98321655466472,14433600
2024-05-01,GEHC,78.20516967773438,79.07455523742311,76.44640067773511,76.46638331025882,5303300
2024-05-02,GEHC,77.77546691894531,79.31438876711302,77.13591597218064,79.13451458683241,2995700
2024-05-03,GEHC,79.41431427001953,80.00389718024604,78.4449927574995,78.4449927574995,2722700
2024-05-06,GEHC,79.74408721923828,79.94394402969307,78.59489149900172,79.54422278473487,2389700
2024-05-07,GEHC,81.3729476928711,81.6227725344157,79.6141786736633,79.94394929427398,3225500
2024-05-08,GEHC,81.05316925048828,81.51783977930462,80.19377121693121,80.95324084231744,2748400
2024-05-09,GEHC,82.67203521728516,82.70201297671792,81.10313560656422,81.44289371220059,1952700
2024-05-10,GEHC,83.34156799316406,83.42050739711088,82.65204899635609,83.11172578621172,1856300
2024-05-13,GEHC,80.97322845458984,83.94114886650338,80.523546778139,83.83122532353997,1885300
2024-05-14,GEHC,80.46357727050781,81.63276326015684,80.2437378260063,80.94324429498545,2500700
2024-05-15,GEHC,81.85261535644531,82.1823783554774,80.08385119559068,81.13311858755863,1956200
2024-05-16,GEHC,81.2530288696289,81.90756873338218,80.84332009478106,81.44289818853716,1627100
2024-05-17,GEHC,81.80264282226562,81.82262545405416,80.36364936393123,80.94324479843245,1321000
2024-05-20,GEHC,81.6927261352539,82.61207975556687,81.4129235224673,81.91257322360035,1248500
2024-05-21,GEHC,81.8825912475586,81.94254676891333,81.04317582834717,81.69272193120324,1150200
2024-05-22,GEHC,80.56352233886719,81.8326292532589,80.31369748277004,81.51285374241654,1633600
2024-05-23,GEHC,79.27442169189453,80.92326719467617,79.17449327864547,80.92326719467617,2034900
2024-05-24,GEHC,79.79405212402344,80.20376851989786,78.85471591288645,79.78405699572066,1433900
2024-05-28,GEHC,78.69482421875,79.66414581310181,78.44499937996032,79.31439256360606,1854800
2024-05-29,GEHC,78.39503479003906,78.86470672734572,77.85541982382436,78.01530376313444,2397000
2024-05-30,GEHC,78.51494598388672,78.8746943431295,76.88609086357258,77.94534568576042,2751700
2024-05-31,GEHC,77.94535064697266,78.67484253966056,76.85611799619316,78.67484253966056,7002100
2024-06-03,GEHC,77.095947265625,78.74479273693314,76.19657631545246,78.00530572009734,3059500
2024-06-04,GEHC,77.46568298339844,77.76547584082758,76.19657615158638,76.99601868869807,1967200
2024-06-05,GEHC,76.90607452392578,77.72549965893037,76.56631641567817,77.40572418244197,2637500
2024-06-06,GEHC,76.946044921875,77.09594133938965,75.70691594358098,76.59629169703982,2474900
2024-06-07,GEHC,76.28650665283203,76.97602562534844,75.85681526305954,76.66624527493616,2357000
2024-06-10,GEHC,75.7269058227539,75.95674803481509,75.16730060945603,75.91677514471534,2116100
2024-06-11,GEHC,74.68762969970703,75.49706734038746,74.4577951235506,75.49706734038746,2655600
2024-06-12,GEHC,75.9167709350586,76.17659089427501,74.95744449800813,75.14730618539234,3081600
2024-06-13,GEHC,76.9360580444336,77.27582380217105,75.08735569430567,75.11733345621353,2530200
2024-06-14,GEHC,76.4364013671875,76.55632002791548,75.05737107703456,76.14660365513136,2576800
2024-06-17,GEHC,77.49567413330078,77.80545451805288,75.90678406920694,76.20657694893774,2190500
2024-06-18,GEHC,78.21515655517578,78.66484583587055,77.11592879800355,77.25583009669553,2032500
2024-06-20,GEHC,79.38434600830078,80.04387964141951,77.79545601315463,77.94535244651549,3408100
2024-06-21,GEHC,79.1145248413086,80.04387350807558,78.43500100298382,79.77406604793943,5198000
2024-06-24,GEHC,78.79474639892578,79.58419374196316,78.60488472081188,79.27441340605488,2270100
2024-06-25,GEHC,78.75477600097656,79.22444789544834,78.315089489937,78.92466267756436,1848500
2024-06-26,GEHC,77.94535064697266,79.2344477456354,77.91037150957467,78.80474871274782,2426200
2024-06-27,GEHC,78.76477813720703,79.0445807484148,77.8354293933816,77.95534806563465,2192600
2024-06-28,GEHC,77.86540985107422,79.59220372067142,77.17589842788453,79.154507032237,9422500
2024-07-01,GEHC,76.2065658569336,78.2950977098398,76.16659297051764,78.2950977098398,3081400
2024-07-02,GEHC,76.27651977539062,76.65625077656476,75.62697368534238,76.20656912717305,2171300
2024-07-03,GEHC,77.18588256835938,77.29580611092625,76.25653383287077,76.31649698048408,1346700
2024-07-05,GEHC,77.0060043334961,77.19587364688634,76.49636716184155,77.14590563050506,1689500
2024-07-08,GEHC,76.2965087890625,77.58560594893724,76.25653589758775,76.9460549334404,1662000
2024-07-09,GEHC,76.81614685058594,76.9460530266225,75.68693366054396,76.29650689834114,2152500
2024-07-10,GEHC,79.08454895019531,79.16449472695732,76.87609832947513,76.87609832947513,2475300
2024-07-11,GEHC,79.88399505615234,80.66344735445352,79.13452051947056,79.13452051947056,2540600
2024-07-12,GEHC,80.22374725341797,81.26801320085808,79.88398914812687,80.23374238123496,2579000
2024-07-15,GEHC,80.1338119506836,80.57349845089023,79.79404622992777,80.19376746797347,2483200
2024-07-16,GEHC,82.58209228515625,82.90186775132725,80.13381208703913,80.39362441176972,3524300
2024-07-17,GEHC,82.41222381591797,83.56141966576098,81.90257898051726,82.53213486609498,2567800
2024-07-18,GEHC,80.92326354980469,83.44648827290368,80.83332264509713,81.89257750111568,3233900
2024-07-19,GEHC,80.4134292602539,81.358116776469,79.8836055649096,81.20316920068426,2428200
2024-07-22,GEHC,81.20317077636719,81.35311512560122,80.07353916630866,81.05321880025883,2439400
2024-07-23,GEHC,80.79330444335938,81.18317501425234,80.47341044604016,80.85328218445845,1529000
2024-07-24,GEHC,79.66368103027344,81.46308191859107,79.60369566185065,80.97324589990663,2517000
2024-07-25,GEHC,79.89360046386719,81.0332233098674,79.70366840745017,80.38344410742175,2512400
2024-07-26,GEHC,80.4734115600586,81.6610227130073,79.9735767056483,80.71333015465065,2532900
2024-07-29,GEHC,82.02289581298828,82.43175727292821,80.49339487958629,80.65334568054622,2790400
2024-07-30,GEHC,82.6227035522461,84.05223155119192,80.97324699548172,82.51273927333682,5269100
2024-07-31,GEHC,84.60204315185547,88.22085017673457,79.97357523103418,80.07354067469808,8043400
2024-08-01,GEHC,83.37245178222656,84.97192172460905,82.19284126968054,84.07221749862067,3561600
2024-08-02,GEHC,83.41243743896484,83.50240404592064,80.76830696261003,82.77264947769874,2986200
2024-08-05,GEHC,81.4930648803711,82.34279016735566,79.7136541593016,81.94292078998774,3589100
2024-08-06,GEHC,81.52306365966797,82.90260504201663,81.14318430843304,82.08287622754148,2686700
2024-08-07,GEHC,79.31378936767578,82.63270005290947,78.75397678311802,82.2028417820885,2401200
2024-08-08,GEHC,82.29280853271484,82.37278393832291,79.65368116264413,79.89359975259389,1632600
2024-08-09,GEHC,83.37245178222656,83.44242835386598,81.28814144103018,82.29280671104051,1584300
2024-08-12,GEHC,82.3427963256836,83.1725163841989,81.68301065965079,83.1725163841989,1564400
2024-08-13,GEHC,84.14219665527344,84.4620906535777,82.49274012809927,83.16252462222423,1766200
2024-08-14,GEHC,83.44242858886719,84.20217967371644,82.72266520604941,84.16219197168498,1904600
2024-08-15,GEHC,85.2718276977539,85.91161568987924,83.94226517820069,83.94226517820069,2319400
2024-08-16,GEHC,84.77198791503906,85.12187076115602,84.13219996017548,84.90194222163278,1341700
2024-08-19,GEHC,85.56172180175781,85.58171946583519,84.1222026900275,84.6720164221687,1439000
2024-08-20,GEHC,83.91227722167969,85.67169040574936,83.81230414998576,85.13187547834985,1464200
2024-08-21,GEHC,84.45209503173828,84.61203820908932,83.5124031241007,84.61203820908932,984300
2024-08-22,GEHC,84.34213256835938,84.7519931659417,83.92226551170583,84.7519931659417,944800
2024-08-23,GEHC,84.75199127197266,85.54173120664666,83.92226363627887,84.97191981414441,1511800
2024-08-26,GEHC,84.46208953857422,85.39178265057205,84.14219554449295,84.6120415166786,1475100
2024-08-27,GEHC,84.38211822509766,84.67201570991352,84.00223887956467,84.50207370105619,1208100
2024-08-28,GEHC,83.90227508544922,84.39211108458883,83.30247481327582,84.39211108458883,1131300
2024-08-29,GEHC,84.05223083496094,84.97192513538818,83.65236142659596,84.22217285478182,1264700
2024-08-30,GEHC,84.79198455810547,84.85196230014873,83.56238745809634,84.4221040194646,1838600
2024-09-03,GEHC,84.77198791503906,85.53873281500265,84.30214196730742,84.53206171180969,1963900
2024-09-04,GEHC,87.52108001708984,87.69102202540967,84.18217945411274,84.18217945411274,2008000
2024-09-05,GEHC,87.26116943359375,88.47076886098796,86.65137030361097,87.37113371125454,2321000
2024-09-06,GEHC,85.0618896484375,87.72101466558163,84.98192187023817,87.20118978635108,2696500
2024-09-09,GEHC,85.09188842773438,86.43144217771285,84.69201901851518,85.33180702251605,1659600
2024-09-10,GEHC,85.52174377441406,85.70168462104671,84.81197159328711,85.18185211883045,1558900
2024-09-11,GEHC,87.16120147705078,87.38113002603538,83.11253623915083,85.23183869760545,2630300
2024-09-12,GEHC,87.43110656738281,87.44110539939541,86.01157749656,86.99124948131833,1394300
2024-09-13,GEHC,86.88129425048828,87.12121283457574,85.68168607630243,86.58139030022325,10515100
2024-09-16,GEHC,86.61138153076172,87.22118065321496,85.82664478828059,87.1212152093598,4680200
2024-09-17,GEHC,86.7613296508789,88.16086868322361,86.3214725652315,86.61137767832874,3144200
2024-09-18,GEHC,88.5007553100586,89.66037579661305,86.96626632139528,87.39112135811831,3508400
2024-09-19,GEHC,90.5900650024414,90.76000700981606,88.7406700775586,89.64037427376866,3128100
2024-09-20,GEHC,90.25017547607422,91.09989315973701,89.5654042011554,90.32015204703764,9492300
2024-09-23,GEHC,90.8499755859375,91.5837342726806,90.30016185129632,90.47010386235591,2908800
2024-09-24,GEHC,92.1795425415039,92.3094968574208,89.77034251950866,90.96994311422108,3537800
2024-09-25,GEHC,92.97927856445312,93.499103439389,92.11956203419912,92.75935001575452,4044700
2024-09-26,GEHC,92.45944213867188,92.6893695098826,89.35046897264833,90.98992655916489,5273200
2024-09-27,GEHC,91.95960998535156,94.51876950393873,91.85964454462045,92.64938449208248,12623800
2024-09-30,GEHC,93.81900024414062,94.28884622556653,92.3594833907615,92.47944650097915,3977300
2024-10-01,GEHC,91.63971710205078,93.78900842457713,91.11989222786676,93.78900842457713,2615400
2024-10-02,GEHC,91.00992584228516,92.44945257874348,90.939949271867,91.59972727482761,1763400
2024-10-03,GEHC,89.85030364990234,90.80998558002408,89.49042197274744,90.48010039836043,2592900
2024-10-04,GEHC,91.38980102539062,91.43978756052886,89.89029649373714,90.61005988923073,1988600
2024-10-07,GEHC,90.0302505493164,91.26984646602135,89.68536328325231,90.96994250591139,2623400
2024-10-08,GEHC,90.66004180908203,90.98692963132171,89.83031418002336,90.21018589636242,2075400
2024-10-09,GEHC,90.7400131225586,90.98993054152517,89.9652752252617,90.77000961940904,2122900
2024-10-10,GEHC,90.22018432617188,90.82998341209979,89.76533281296966,90.27017085854263,2269300
2024-10-11,GEHC,90.99993133544922,91.57974159040019,90.36014333925314,90.65004846672863,1372100
2024-10-14,GEHC,91.58973693847656,91.76967778224073,90.54008074537322,91.0199255377024,1342800
2024-10-15,GEHC,90.68003845214844,91.92462998640647,90.58007300655282,91.85964901467575,2474300
2024-10-16,GEHC,90.19020080566406,91.08990505357086,89.93528015308036,91.00992964778482,1823100
2024-10-17,GEHC,90.79000091552734,90.88996635912471,90.23018832988254,90.71002550989967,1711100
2024-10-18,GEHC,91.33999633789062,91.58000183105469,89.98500061035156,90.05999755859375,1609500
2024-10-21,GEHC,89.80000305175781,91.44999694824219,89.5199966430664,90.88999938964844,1675400
2024-10-22,GEHC,89.30999755859375,89.55999755859375,87.69499969482422,89.26000213623047,2210200
2024-10-23,GEHC,89.29000091552734,90.36000061035156,88.11000061035156,88.6500015258789,2116600
2024-10-24,GEHC,88.9000015258789,89.9800033569336,88.5999984741211,89.55999755859375,1291700
2024-10-25,GEHC,88.41999816894531,89.6500015258789,88.30000305175781,89.26000213623047,2035500
2024-10-28,GEHC,85.93000030517578,86.96499633789062,84.9000015258789,86.66000366210938,4223700
2024-10-29,GEHC,85.2699966430664,86.69999694824219,85.01000213623047,85.66000366210938,3762300
2024-10-30,GEHC,87.19999694824219,90.16000366210938,85.80000305175781,89.7300033569336,4700400
2024-10-31,GEHC,87.3499984741211,88.1449966430664,86.0,86.12000274658203,3259500
2024-11-01,GEHC,86.94999694824219,88.44000244140625,86.72000122070312,87.20999908447266,3383300
2024-11-04,GEHC,86.98999786376953,87.91999816894531,86.55000305175781,87.5999984741211,1431700
2024-11-05,GEHC,88.16999816894531,88.19000244140625,86.80999755859375,86.80999755859375,1656200
2024-11-06,GEHC,86.77999877929688,90.0,85.07499694824219,89.91999816894531,4163100
2024-11-07,GEHC,88.33000183105469,88.87999725341797,86.93599700927734,87.11000061035156,2497300
2024-11-08,GEHC,85.94000244140625,89.11000061035156,85.83999633789062,88.80000305175781,10190500
2024-11-11,GEHC,85.38999938964844,87.1500015258789,84.47000122070312,87.0,4367000
2024-11-12,GEHC,84.91999816894531,85.91000366210938,84.72000122070312,85.41999816894531,3918900
2024-11-13,GEHC,84.18000030517578,85.40499877929688,83.25499725341797,85.12000274658203,3014800
2024-11-14,GEHC,82.91999816894531,84.69000244140625,82.69999694824219,83.6500015258789,3061100
2024-11-15,GEHC,81.76000213623047,82.81999969482422,81.5199966430664,82.80999755859375,3768400
2024-11-18,GEHC,82.72000122070312,83.48500061035156,81.88500213623047,81.9000015258789,2918000
2024-11-19,GEHC,82.5199966430664,83.2300033569336,81.70999908447266,82.0,2513600
2024-11-20,GEHC,84.9000015258789,85.29000091552734,82.41000366210938,82.5,6103400
2024-11-21,GEHC,82.0,85.26000213623047,81.83999633789062,84.5999984741211,4930600
2024-11-22,GEHC,82.44000244140625,82.58000183105469,80.55999755859375,81.95999908447266,5934900
2024-11-25,GEHC,82.66000366210938,83.5,81.9000015258789,83.36000061035156,5272900
2024-11-26,GEHC,82.51000213623047,83.43000030517578,82.38999938964844,82.77999877929688,2040900
2024-11-27,GEHC,83.0,83.90499877929688,82.71800231933594,82.8499984741211,1808000
2024-11-29,GEHC,83.22000122070312,83.51000213623047,82.88999938964844,83.25,1277700
2024-12-02,GEHC,83.08000183105469,83.25,82.38999938964844,82.88999938964844,2247000
2024-12-03,GEHC,82.56999969482422,83.05999755859375,82.03399658203125,82.4800033569336,2026700
2024-12-04,GEHC,83.01000213623047,83.20999908447266,82.5,82.62000274658203,1932700
2024-12-05,GEHC,81.56500244140625,83.33000183105469,81.36000061035156,82.76000213623047,2269200
2024-12-06,GEHC,81.23999786376953,81.97000122070312,80.47000122070312,81.37000274658203,3177200
2024-12-09,GEHC,81.9000015258789,82.12000274658203,81.05999755859375,81.36000061035156,2372600
2024-12-10,GEHC,82.36000061035156,83.0,81.6449966430664,82.41999816894531,3124600
2024-12-11,GEHC,82.75,83.33000183105469,81.77999877929688,82.05000305175781,3890100
2024-12-12,GEHC,81.62999725341797,82.62000274658203,80.83999633789062,82.33000183105469,2370000
2024-12-13,GEHC,81.0999984741211,81.48999786376953,80.62000274658203,81.4000015258789,2836000
2024-12-16,GEHC,80.29000091552734,81.77999877929688,80.08999633789062,80.76000213623047,2908800
2024-12-17,GEHC,79.25,80.83000183105469,79.20999908447266,80.33999633789062,3557100
2024-12-18,GEHC,77.08999633789062,80.37000274658203,76.9800033569336,79.37000274658203,3264100
2024-12-19,GEHC,77.43000030517578,78.18000030517578,76.94999694824219,77.30999755859375,3384400
2024-12-20,GEHC,78.91000366210938,79.02999877929688,76.89099884033203,77.56999969482422,11179900
2024-12-23,GEHC,79.27999877929688,79.3499984741211,77.52999877929688,78.77999877929688,2495700
2024-12-24,GEHC,79.36000061035156,79.79000091552734,78.73500061035156,79.54000091552734,1035700
2024-12-26,GEHC,79.70999908447266,80.18000030517578,78.9749984741211,79.0999984741211,1622000
2024-12-27,GEHC,79.51000213623047,79.87000274658203,78.88999938964844,79.31999969482422,1533000
2024-12-30,GEHC,78.5999984741211,79.16000366210938,77.5999984741211,79.12000274658203,1850600
2024-12-31,GEHC,78.18000030517578,79.2699966430664,77.97000122070312,79.0,1877800
2025-01-02,GEHC,78.37999725341797,78.91999816894531,77.72000122070312,78.91999816894531,2658500
2025-01-03,GEHC,80.5199966430664,80.62000274658203,78.38999938964844,78.55000305175781,2712600
2025-01-06,GEHC,81.72000122070312,82.4000015258789,80.41999816894531,80.5199966430664,3746500
2025-01-07,GEHC,83.37000274658203,83.44000244140625,81.44999694824219,81.87999725341797,3382000
2025-01-08,GEHC,86.26000213623047,87.30000305175781,84.29000091552734,84.6500015258789,4432000
